Workbook

Sheet Menu
A1: Tier | B1: Repo | C1: Stars | D1: Category | E1: Lang | F1: What it is | G1: Why it's for you | H1: Tags
A2: Structure & Code Viz
A3: GEM | B3: safishamsi/graphify | C3: 54738 | D3: Structure & Code Viz | E3: Python | F3: Code, SQL schemas, docs, images & video → one queryable knowledge graph | G3: Hold your whole multi-stack system (Wix+React+Supabase+NAS) in your head by looking at it | H3: structure, apparatus
A4: GEM | B4: Lum1104/Understand-Anything | C4: 38543 | D4: Structure & Code Viz | E4: TypeScript | F4: Any codebase/docs → interactive knowledge graph you explore & ask questions | G4: Understand what Claude shipped you without reading source | H4: structure
A5: GEM | B5: oh-my-mermaid/oh-my-mermaid | C5: 1254 | D5: Structure & Code Viz | E5: TypeScript | F5: Codebase → navigable Mermaid architecture diagrams | G5: Auto architecture maps — 'AI writes in seconds, humans understand in hours' | H5: structure
A6: GEM | B6: nanoapi-io/napi | C6: 320 | D6: Structure & Code Viz | E6: TypeScript | F6: Offline CLI: analyze architecture (deps/complexity/structure), visualize & refactor | G6: Architecture x-ray, runs offline so client code stays local | H6: structure
A7: GEM | B7: QuinnAho/claudemap | C7: 236 | D7: Structure & Code Viz | E7: JavaScript | F7: 'Google Maps for vibecoders' — map of what you built | G7: Built for the exact can't-read-your-own-code gap | H7: structure
A8: NOTABLE | B8: chunkhound/chunkhound | C8: 1277 | D8: Structure & Code Viz | E8: Python | F8: Local-first codebase intelligence; extracts architecture & patterns | H8: structure
A9: NOTABLE | B9: Jakedismo/codegraph-rust | C9: 773 | D9: Structure & Code Viz | E9: Rust | F9: Codebase → semantic knowledge graph (AST+ML, SurrealDB, MCP) | H9: structure
A10: NOTABLE | B10: proxysoul/soulforge | C10: 714 | D10: Structure & Code Viz | E10: TypeScript | F10: Edits symbols not strings; AST surgery + live code graph wired to memory | H10: structure
A11: NOTABLE | B11: harshkedia177/axon | C11: 706 | D11: Structure & Code Viz | E11: Python | F11: Graph-powered code intelligence, KG via MCP+CLI | H11: structure
A12: NOTABLE | B12: 8b-is/smart-tree | C12: 249 | D12: Structure & Code Viz | E12: Rust | F12: AI-aware `tree` replacement + visual dashboard, semantic search | G12: Visual file tree (ignore the 'quantum' marketing) | H12: structure
A13: NOTABLE | B13: Corbell-AI/Corbell | C13: 212 | D13: Structure & Code Viz | E13: Python | F13: Multi-repo architecture graph + AI spec gen & review | G13: If Pyris/CCF code spans repos | H13: structure
A14: NOTABLE | B14: ozgurcd/gograph | C14: 146 | D14: Structure & Code Viz | E14: Go | F14: Local repo-structure viz (Go-only) | H14: structure
A15: NOTABLE | B15: helixml/kodit | C15: 119 | D15: Structure & Code Viz | E15: Go | F15: Index git repos, search via MCP + REST | H15: structure
A16: NOTABLE | B16: st3v3nmw/sourcerer-mcp | C16: 114 | D16: Structure & Code Viz | E16: Go | F16: Semantic code search & navigation, token reduction | H16: structure
A17: NOTABLE | B17: Lekssays/codebadger | C17: 108 | D17: Structure & Code Viz | E17: Python | F17: Static code analysis via Joern Code Property Graph, 12 languages | H17: structure
A18: Orchestration & Multi-Agent
A19: GEM | B19: nyldn/claude-octopus | C19: 3423 | D19: Orchestration & Multi-Agent | E19: Shell | F19: Run up to 8 models on every task to surface blindspots | G19: Cross-model safety net for a non-coder (you loved this) | H19: orchestration
A20: GEM | B20: asheshgoplani/agent-deck | C20: 2540 | D20: Orchestration & Multi-Agent | E20: Go | F20: TUI session manager for running multiple coding agents | G20: Cockpit for your parallel OC/CC windows | H20: orchestration, adhd
A21: GEM | B21: collaborator-ai/collab-public | C21: 2510 | D21: Orchestration & Multi-Agent | E21: TypeScript | F21: Infinite canvas — terminals, context & code spatially arranged | G21: Spatial workspace for the parallel brain (you loved this) | H21: orchestration, adhd
A22: GEM | B22: patoles/agent-flow | C22: 940 | D22: Orchestration & Multi-Agent | E22: TypeScript | F22: Real-time visualization of agent orchestration — watch them think/branch/coordinate | G22: See your OC/CC coordination live | H22: orchestration
A23: GEM | B23: voicetreelab/voicetree | C23: 853 | D23: Orchestration & Multi-Agent | E23: TypeScript | F23: Spatial IDE — an Obsidian graph-view you work *inside*, recursive multi-agent | G23: collab-public's cousin; nodes are files OR running agents | H23: orchestration, adhd
A24: GEM | B24: kdlbs/kandev | C24: 287 | D24: Orchestration & Multi-Agent | E24: Go | F24: AI Kanban + dev env: orchestrate agents, review changes, open PRs; self-host | G24: Kanban cockpit — your PM brain + parallel agents | H24: orchestration, adhd
A25: GEM | B25: DatafyingTech/Claude-Agent-Team-Manager | C25: 128 | D25: Orchestration & Multi-Agent | E25: TypeScript | F25: Visual org-chart desktop app for managing CC agent teams/skills/configs | G25: Your COO org-chart brain made literal | H25: orchestration
A26: NOTABLE | B26: superset-sh/superset | C26: 11347 | D26: Orchestration & Multi-Agent | E26: TypeScript | F26: Code editor for the agent era; run swarms of agents | H26: orchestration
A27: NOTABLE | B27: ogulcancelik/herdr | C27: 2594 | D27: Orchestration & Multi-Agent | E27: Rust | F27: Agent multiplexer in your terminal | H27: orchestration
A28: NOTABLE | B28: agent-of-empires/agent-of-empires | C28: 2429 | D28: Orchestration & Multi-Agent | E28: Rust | F28: Run multiple agents in parallel, TUI or web/mobile | G28: Mobile access to parallel agents | H28: orchestration
A29: NOTABLE | B29: DeepMyst/Mysti | C29: 1057 | D29: Orchestration & Multi-Agent | E29: TypeScript | F29: VS Code AI dream team — brainstorm, debate, synthesize | H29: orchestration
A30: NOTABLE | B30: marcus/sidecar | C30: 1018 | D30: Orchestration & Multi-Agent | E30: Go | F30: Diffs, file trees, conversation history, task mgmt beside CLI agents | G30: File trees + history in one shell | H30: orchestration
A31: NOTABLE | B31: milisp/codexia | C31: 694 | D31: Orchestration & Multi-Agent | E31: TypeScript | F31: Agent workstation: task scheduler, git worktree, remote control | H31: orchestration
A32: NOTABLE | B32: loocor/codmate | C32: 669 | D32: Orchestration & Multi-Agent | E32: Swift | F32: macOS app to browse/search/resume/review CLI AI sessions | H32: orchestration
A33: NOTABLE | B33: MiniCodeMonkey/chief | C33: 462 | D33: Orchestration & Multi-Agent | E33: Go | F33: Breaks big projects into tasks, runs CC in a loop until done | H33: orchestration
A34: NOTABLE | B34: Ark0N/Codeman | C34: 410 | D34: Orchestration & Multi-Agent | E34: TypeScript | F34: Manage CC/Opencode in tmux via mobile-first WebUI | H34: orchestration
A35: NOTABLE | B35: timwuhaotian/the-pair | C35: 336 | D35: Orchestration & Multi-Agent | E35: TypeScript | F35: Two agents cross-check each other's work | H35: orchestration
A36: NOTABLE | B36: zippoxer/subtask | C36: 331 | D36: Orchestration & Multi-Agent | E36: Go | F36: Subagents in git worktrees, run in parallel | H36: orchestration
A37: NOTABLE | B37: aannoo/hcom | C37: 301 | D37: Orchestration & Multi-Agent | E37: Rust | F37: Agents message/watch/spawn each other across terminals | H37: orchestration
A38: NOTABLE | B38: sudocode-ai/sudocode | C38: 277 | D38: Orchestration & Multi-Agent | E38: TypeScript | F38: Lightweight agent orchestration that lives in your repo | H38: orchestration
A39: NOTABLE | B39: OpenSource03/harnss | C39: 270 | D39: Orchestration & Multi-Agent | E39: TypeScript | F39: Run multiple agents side by side, rich tool visualization | H39: orchestration
A40: NOTABLE | B40: onikan27/claude-code-monitor | C40: 235 | D40: Orchestration & Multi-Agent | E40: TypeScript | F40: Real-time multi-session dashboard, mobile/QR access | H40: orchestration
A41: NOTABLE | B41: geezerrrr/motive | C41: 113 | D41: Orchestration & Multi-Agent | E41: Swift | F41: Background agent in menu bar, finds you when it needs you | G41: Set-and-forget (ADHD) | H41: orchestration, adhd
A42: NOTABLE | B42: montanaflynn/botctl | C42: 101 | D42: Orchestration & Multi-Agent | E42: Go | F42: Manage persistent AI bots, terminal dashboard + web UI | H42: orchestration
A43: Maker & Hardware
A44: GEM | B44: yousifamanuel/clawd-mochi | C44: 276 | D44: Maker & Hardware | E44: C++ | F44: Physical desk companion (ESP32-C3 + TFT + web controller) | G44: Buildable desk pet — print & solder weekend | H44: maker
A45: GEM | B45: DMontgomery40/mcp-3D-printer-server | C45: 194 | D45: Maker & Hardware | E45: JavaScript | F45: MCP to printer APIs incl. Bambu; control prints + STL ops (scale/rotate/section/slice/viz) | G45: Control your P1S and manipulate STLs by talking to Claude | H45: maker
A46: GEM | B46: op7418/m5-paper-buddy | C46: 143 | D46: Maker & Hardware | E46: C++ | F46: M5Paper e-ink physical multi-session CC dashboard + hardware approve buttons | G46: Glanceable physical board for your parallel windows | H46: maker
A47: GEM | B47: dhakalnirajan/blender-open-mcp | C47: 100 | D47: Maker & Hardware | E47: Python | F47: Control Blender 3D via natural language (Ollama/MCP) | G47: Model prints for your P1S you can't find online | H47: maker
A48: NOTABLE | B48: chrishutchinson/claude-receipts | C48: 603 | D48: Maker & Hardware | E48: TypeScript | F48: Thermal receipt printer prints a receipt of every CC session | G48: Pure maker joy | H48: maker
A49: NOTABLE | B49: cuneytozseker/TinyProgrammer | C49: 239 | D49: Maker & Hardware | E49: Python | F49: Raspberry Pi that writes & runs Python forever at human speed | G49: Maker curiosity | H49: maker
A50: NOTABLE | B50: ricardoquesada/regenerator2000 | C50: 158 | D50: Maker & Hardware | E50: Rust | F50: C64 6502 disassembler — flow arrows, x-ref, MCP auto-analysis | G50: Retro maker delight | H50: maker
A51: NOTABLE | B51: horw/esp-mcp | C51: 149 | D51: Maker & Hardware | E51: Python | F51: LLM-driven ESP32 / ESP-IDF commands | G51: Home-lab | H51: maker, home-lab
A52: Visuals & Deliverables
A53: GEM | B53: antvis/mcp-server-chart | C53: 4106 | D53: Visuals & Deliverables | E53: TypeScript | F53: 25+ chart types via MCP for data analysis | G53: Generate Pyris deliverable visuals without coding | H53: viz, pyris
A54: GEM | B54: YuChenSSR/mindmap-mcp-server | C54: 233 | D54: Visuals & Deliverables | E54: Python | F54: Markdown → interactive mindmap | G54: Mindmaps off your context files (ADHD-visual) | H54: viz, adhd
A55: GEM | B55: hubeiqiao/apple-bento-grid | C55: 182 | D55: Visuals & Deliverables | E55: HTML | F55: Apple-style bento-grid presentation cards as self-contained HTML | G55: Premium deck cards for Pyris/CCF | H55: viz, pyris, ccf
A56: GEM | B56: caylent/tufte-data-viz | C56: 151 | D56: Visuals & Deliverables | E56: Python | F56: Edward Tufte data-viz principles across Recharts/ECharts/Plotly/D3 | G56: McKinsey-grade Pyris charts, no plotting code | H56: viz, pyris
A57: GEM | B57: careerhackeralex/visualize | C57: 146 | D57: Visuals & Deliverables | E57: JavaScript | F57: Any idea → beautiful self-contained HTML visualization, one prompt | G57: Fast visuals for a non-coder | H57: viz
A58: NOTABLE | B58: SamurAIGPT/Generative-Media-Skills | C58: 3330 | D58: Visuals & Deliverables | E58: Shell | F58: Multimodal image/video/audio generation skills | G58: Brand assets | H58: viz
A59: NOTABLE | B59: llmsresearch/paperbanana | C59: 1772 | D59: Visuals & Deliverables | E59: Python | F59: Automated figures, diagrams & slides | H59: viz
A60: NOTABLE | B60: gaopengbin/cesium-mcp | C60: 105 | D60: Visuals & Deliverables | E60: JavaScript | F60: CesiumJS 3D globe control — natural language to 3D GIS | H60: viz
A61: Design & Brand
A62: GEM | B62: meodai/skill.color-expert | C62: 474 | D62: Design & Brand | E62: - | F62: Color science: spaces, accessibility (APCA/WCAG), palette generation | G62: Check & generate your brand palettes (Pyris crimson, CCF green) | H62: design, pyris, ccf
A63: GEM | B63: Adityaraj0421/naksha-studio | C63: 284 | D63: Design & Brand | E63: Shell | F63: 'Your agency's design brain' — 26 design roles in your terminal | G63: On-call design team for the consultancy | H63: design, pyris, ccf
A64: NOTABLE | B64: jau123/MeiGen-AI-Design-MCP | C64: 1204 | D64: Design & Brand | E64: TypeScript | F64: Image/video gen MCP — 9 models, 1400-prompt library | G64: Brand assets | H64: design
A65: NOTABLE | B65: rohitg00/awesome-claude-design | C65: 644 | D65: Design & Brand | E65: - | F65: Claude Design prompts by aesthetic family, remix recipes | G65: Web/brand design reference | H65: design
A66: NOTABLE | B66: AgriciDaniel/banana-claude | C66: 562 | D66: Design & Brand | E66: Python | F66: Image gen skill — Claude as Creative Director (Gemini) | H66: design
A67: NOTABLE | B67: mikesheehan54/Claude-Code-Design-AI | C67: 289 | D67: Design & Brand | E67: TypeScript | F67: UI/UX architect: screenshot→React, Figma, Tailwind, design systems | H67: design
A68: NOTABLE | B68: aayushsoam/motionsites.ai | C68: 157 | D68: Design & Brand | E68: JavaScript | F68: 65 high-quality AI web-design prompts | G68: For your animated landing pages | H68: design, pyris
A69: NOTABLE | B69: shinpr/mcp-image | C69: 114 | D69: Design & Brand | E69: TypeScript | F69: AI image gen/edit MCP with prompt optimization (Nano Banana/Gemini) | H69: design
A70: NOTABLE | B70: aplaceforallmystuff/claude-art-skill | C70: 101 | D70: Design & Brand | E70: TypeScript | F70: Visual content system — 16 workflows, brand customization | H70: design
A71: Knowledge & Context (PKM)
A72: GEM | B72: agenticnotetaking/arscontexta | C72: 3366 | D72: Knowledge & Context (PKM) | E72: Shell | F72: Derives a cognitive architecture (folders/context files) from a conversation; markdown you own | G72: Built around how YOU think; you own the files | H72: pkm, adhd
A73: GEM | B73: specstoryai/getspecstory | C73: 1227 | D73: Knowledge & Context (PKM) | E73: Go | F73: Turn AI dev conversations into searchable knowledge, local-first | G73: Capture the decisions buried in chat | H73: pkm
A74: GEM | B74: egroup-labs/kept | C74: 100 | D74: Knowledge & Context (PKM) | E74: TypeScript | F74: Search/archive/recall AI conversations cross-tool, local-first MIT | G74: Cross-tool version of your context-file discipline (own data) | H74: pkm
A75: NOTABLE | B75: AgriciDaniel/claude-obsidian | C75: 5617 | D75: Knowledge & Context (PKM) | E75: TypeScript | F75: Claude+Obsidian compounding wiki vault (Karpathy LLM-wiki pattern) | G75: Rewrites on ingest (substrate-fail) but useful as PKM | H75: pkm
A76: NOTABLE | B76: SamurAIGPT/llm-wiki-agent | C76: 2757 | D76: Knowledge & Context (PKM) | E76: Python | F76: Self-building interlinked wiki from dropped sources | H76: pkm
A77: NOTABLE | B77: ballred/obsidian-claude-pkm | C77: 1481 | D77: Knowledge & Context (PKM) | E77: Shell | F77: Obsidian+CC PKM tying 3-yr vision to today; accountability | G77: Accountability framing for the execution gap | H77: pkm, adhd
A78: NOTABLE | B78: bassimeledath/dispatch | C78: 396 | D78: Knowledge & Context (PKM) | E78: - | F78: 10x effective context window by dispatching to background workers | H78: context
A79: NOTABLE | B79: aaronsb/obsidian-mcp-plugin | C79: 328 | D79: Knowledge & Context (PKM) | E79: TypeScript | F79: High-perf MCP for Obsidian, semantic vault access | H79: pkm
A80: NOTABLE | B80: ergut/mcp-logseq | C80: 275 | D80: Knowledge & Context (PKM) | E80: Python | F80: LogSeq MCP — read/write graph, semantic search | H80: pkm
A81: NOTABLE | B81: cbcoutinho/nextcloud-mcp-server | C81: 243 | D81: Knowledge & Context (PKM) | E81: Python | F81: Natural-language control of your Nextcloud | G81: Self-hosted file control (your NAS world) | H81: home-lab
A82: NOTABLE | B82: lostintangent/gistpad-mcp | C82: 194 | D82: Knowledge & Context (PKM) | E82: TypeScript | F82: Notes/daily/prompts via GitHub Gists | H82: pkm
A83: NOTABLE | B83: alekspetrov/navigator | C83: 180 | D83: Knowledge & Context (PKM) | E83: Python | F83: Context engineering — sessions last 20+ exchanges, not 7; 'finish what you start' | G83: Session longevity for long builds (ADHD) | H83: context, adhd
A84: NOTABLE | B84: entanglr/zettelkasten-mcp | C84: 153 | D84: Knowledge & Context (PKM) | E84: Python | F84: Atomic linked notes via MCP | G84: Your context-file discipline | H84: pkm
A85: NOTABLE | B85: alondmnt/joplin-mcp | C85: 126 | D85: Knowledge & Context (PKM) | E85: Python | F85: Joplin notes via MCP | H85: pkm
A86: NOTABLE | B86: robertoshimizu/session-graph | C86: 106 | D86: Knowledge & Context (PKM) | E86: Python | F86: Scattered AI sessions → queryable knowledge graph (W3C ontology, SPARQL) | G86: Apparatus thesis applied to sessions (own data) | H86: pkm, apparatus
A87: Templating & Scaffolding
A88: GEM | B88: KhazP/vibe-coding-prompt-template | C88: 2423 | D88: Templating & Scaffolding | E88: - | F88: PRD / Tech-Design / MVP templates + agent-docs workflow | G88: Your versioned-context discipline as a reusable kit | H88: templating, pyris
A89: GEM | B89: bartstc/vite-ts-react-template | C89: 120 | D89: Templating & Scaffolding | E89: TypeScript | F89: Production-ready React SPA starter | G89: Cold-start template — the Pyris site IS a React SPA | H89: templating, pyris
A90: NOTABLE | B90: jezweb/claude-skills | C90: 804 | D90: Templating & Scaffolding | E90: Python | F90: Production skills: Cloudflare / React / Tailwind | G90: Your stack | H90: skillpack
A91: NOTABLE | B91: levnikolaevich/claude-code-skills | C91: 478 | D91: Templating & Scaffolding | E91: JavaScript | F91: Plugin suite: agile pipeline, multi-model review, codebase audits | H91: skillpack
A92: NOTABLE | B92: modu-ai/cowork-plugins | C92: 211 | D92: Templating & Scaffolding | E92: HTML | F92: B2B domain plugins + office docs + html-report renderer | H92: skillpack
A93: NOTABLE | B93: trevor-nichols/agentrules-architect | C93: 118 | D93: Templating & Scaffolding | E93: Python | F93: AGENTS.md / CLAUDE.md generator + ExecPlan harness | G93: Generate project rules files | H93: cc-discipline
A94: Project & Task
A95: GEM | B95: Kohei-Wada/taskdog | C95: 256 | D95: Project & Task | E95: Python | F95: Terminal task manager, keyboard-only, no dragging/micromanagement, schedule optimization | G95: ADHD-shaped task capture | H95: project, adhd
A96: NOTABLE | B96: cyanheads/atlas-mcp-server | C96: 474 | D96: Project & Task | E96: TypeScript | F96: Neo4j task mgmt — Projects/Tasks/Knowledge tiers | H96: project
A97: NOTABLE | B97: vivy-company/aizen | C97: 260 | D97: Project & Task | E97: Swift | F97: Bring order to projects, environments, day-to-day work | H97: project
A98: NOTABLE | B98: Zaloog/kanban-tui | C98: 249 | D98: Project & Task | E98: Python | F98: TUI kanban, agent-usable | H98: project
A99: Ops & Automation
A100: GEM | B100: Higangssh/homebutler | C100: 155 | D100: Ops & Automation | E100: Go | F100: Manage your homelab from chat — single binary, zero deps | G100: Chat control of your home network | H100: home-lab
...

Sheet By Category
A1: Category | B1: GEMs | C1: Notables | D1: Total
A2: Structure & Code Viz | B2: =COUNTIFS(Menu!D:D,A2,Menu!A:A,"GEM") -> 5 | C2: =COUNTIFS(Menu!D:D,A2,Menu!A:A,"NOTABLE") -> 10 | D2: =B2+C2 -> 15
A3: Orchestration & Multi-Agent | B3: =COUNTIFS(Menu!D:D,A3,Menu!A:A,"GEM") -> 7 | C3: =COUNTIFS(Menu!D:D,A3,Menu!A:A,"NOTABLE") -> 17 | D3: =B3+C3 -> 24
A4: Maker & Hardware | B4: =COUNTIFS(Menu!D:D,A4,Menu!A:A,"GEM") -> 4 | C4: =COUNTIFS(Menu!D:D,A4,Menu!A:A,"NOTABLE") -> 4 | D4: =B4+C4 -> 8
A5: Visuals & Deliverables | B5: =COUNTIFS(Menu!D:D,A5,Menu!A:A,"GEM") -> 5 | C5: =COUNTIFS(Menu!D:D,A5,Menu!A:A,"NOTABLE") -> 3 | D5: =B5+C5 -> 8
A6: Design & Brand | B6: =COUNTIFS(Menu!D:D,A6,Menu!A:A,"GEM") -> 2 | C6: =COUNTIFS(Menu!D:D,A6,Menu!A:A,"NOTABLE") -> 7 | D6: =B6+C6 -> 9
A7: Knowledge & Context (PKM) | B7: =COUNTIFS(Menu!D:D,A7,Menu!A:A,"GEM") -> 3 | C7: =COUNTIFS(Menu!D:D,A7,Menu!A:A,"NOTABLE") -> 12 | D7: =B7+C7 -> 15
A8: Templating & Scaffolding | B8: =COUNTIFS(Menu!D:D,A8,Menu!A:A,"GEM") -> 2 | C8: =COUNTIFS(Menu!D:D,A8,Menu!A:A,"NOTABLE") -> 4 | D8: =B8+C8 -> 6
A9: Project & Task | B9: =COUNTIFS(Menu!D:D,A9,Menu!A:A,"GEM") -> 1 | C9: =COUNTIFS(Menu!D:D,A9,Menu!A:A,"NOTABLE") -> 3 | D9: =B9+C9 -> 4
A10: Ops & Automation | B10: =COUNTIFS(Menu!D:D,A10,Menu!A:A,"GEM") -> 2 | C10: =COUNTIFS(Menu!D:D,A10,Menu!A:A,"NOTABLE") -> 3 | D10: =B10+C10 -> 5
A11: Decisions & Review | B11: =COUNTIFS(Menu!D:D,A11,Menu!A:A,"GEM") -> 1 | C11: =COUNTIFS(Menu!D:D,A11,Menu!A:A,"NOTABLE") -> 3 | D11: =B11+C11 -> 4
A12: Content (Podcast/Video/Music) | B12: =COUNTIFS(Menu!D:D,A12,Menu!A:A,"GEM") -> 2 | C12: =COUNTIFS(Menu!D:D,A12,Menu!A:A,"NOTABLE") -> 2 | D12: =B12+C12 -> 4
A13: Analytics & Growth | B13: =COUNTIFS(Menu!D:D,A13,Menu!A:A,"GEM") -> 2 | C13: =COUNTIFS(Menu!D:D,A13,Menu!A:A,"NOTABLE") -> 0 | D13: =B13+C13 -> 2
... A19: Utilities & Misc | B19: =COUNTIFS(Menu!D:D,A19,Menu!A:A,"GEM") -> 1 | C19: =COUNTIFS(Menu!D:D,A19,Menu!A:A,"NOTABLE") -> 7 | D19: =B19+C19 -> 8
A20: TOTAL | B20: =SUM(B2:B19) -> 39 | C20: =SUM(C2:C19) -> 106 | D20: =SUM(D2:D19) -> 145
